date,Sleep performance %,Light sleep duration (min),Average HR (bpm),Sleep consistency %,Asleep duration (min),Awake duration (min),Day Strain,Resting heart rate (bpm),Recovery score %,Blood oxygen %,Max HR (bpm),Deep (SWS) duration (min),Energy burned (cal),Sleep need (min),Heart rate variability (ms),Sleep debt (min),Respiratory rate (rpm),Skin temp (celsius),REM duration (min),Sleep efficiency %,In bed duration (min)
2023-03-31,83.0,176.0,104.0,64.0,441.0,70.0,8.4,48.0,63.0,97.0,145.0,107.0,179.0,534.0,72.0,31.0,15.0,33.0,156.0,86.0,512.0
2023-04-02,63.0,165.0,99.0,64.0,335.0,52.0,10.8,49.0,59.0,96.0,139.0,84.0,236.0,534.0,78.0,52.0,16.0,33.0,86.0,86.0,388.0
2023-04-03,68.0,144.0,107.0,55.0,397.0,68.0,11.7,49.0,50.0,96.0,139.0,107.0,148.0,580.0,63.0,91.0,16.0,34.0,146.0,85.0,465.0
2023-04-05,70.0,179.0,111.0,67.0,411.0,66.0,13.6,50.0,47.0,96.0,154.0,102.0,342.0,587.0,68.0,92.0,16.0,33.0,130.0,87.0,478.0
2023-04-07,67.0,176.0,98.0,72.0,380.0,50.0,10.4,52.0,37.0,96.0,124.0,70.0,228.0,565.0,63.0,66.0,16.0,33.0,134.0,88.0,430.0
2023-04-08,76.0,169.0,104.0,65.0,428.0,59.0,6.7,47.0,93.0,96.0,142.0,141.0,168.0,562.0,83.0,77.0,15.0,32.0,118.0,89.0,487.0
2023-04-09,66.0,150.0,98.0,49.0,364.0,76.0,9.8,50.0,57.0,97.0,143.0,108.0,181.0,552.0,68.0,74.0,16.0,33.0,106.0,83.0,440.0
2023-04-10,67.0,167.0,100.0,64.0,380.0,53.0,9.5,50.0,64.0,97.0,134.0,96.0,170.0,573.0,67.0,94.0,16.0,32.0,112.0,88.0,436.0
2023-04-11,63.0,166.0,100.0,39.0,358.0,57.0,12.5,55.0,46.0,96.0,125.0,80.0,184.0,567.0,55.0,84.0,17.0,33.0,112.0,86.0,415.0
2023-04-12,69.0,161.0,106.0,65.0,399.0,71.0,10.5,51.0,60.0,96.0,146.0,90.0,222.0,580.0,61.0,87.0,16.0,33.0,148.0,84.0,470.0
2023-04-13,69.0,200.0,98.0,71.0,399.0,78.0,10.0,53.0,47.0,97.0,126.0,97.0,117.0,578.0,58.0,93.0,16.0,33.0,102.0,83.0,477.0
2023-04-15,76.0,145.0,91.0,61.0,437.0,65.0,9.5,51.0,72.0,97.0,126.0,119.0,185.0,577.0,69.0,93.0,16.0,32.0,173.0,87.0,502.0
2023-04-16,72.0,161.0,104.0,72.0,384.0,49.0,10.0,50.0,82.0,96.0,144.0,87.0,227.0,534.0,73.0,56.0,16.0,32.0,136.0,88.0,433.0
2023-04-17,77.0,186.0,114.0,62.0,441.0,61.0,11.9,49.0,94.0,98.0,164.0,118.0,471.0,570.0,81.0,80.0,15.0,32.0,137.0,87.0,502.0
2023-04-18,73.0,207.0,94.0,73.0,409.0,65.0,6.7,50.0,74.0,97.0,112.0,111.0,65.0,560.0,72.0,69.0,16.0,32.0,91.0,86.0,474.0
2023-04-19,71.0,152.0,104.0,83.0,394.0,90.0,6.6,54.0,29.0,99.0,142.0,116.0,168.0,558.0,59.0,81.0,14.0,32.0,126.0,83.0,484.0
2023-04-20,80.0,203.0,114.0,91.0,437.0,63.0,12.0,57.0,47.0,99.0,160.0,102.0,501.0,544.0,62.0,68.0,15.0,32.0,132.0,87.0,500.0
2023-04-22,72.0,175.0,99.0,64.0,396.0,41.0,12.4,52.0,51.0,96.0,121.0,86.0,46.0,551.0,63.0,60.0,16.0,34.0,135.0,90.0,437.0
2023-04-23,58.0,127.0,96.0,35.0,322.0,23.0,7.9,54.0,46.0,97.0,130.0,74.0,138.0,559.0,62.0,66.0,15.0,33.0,122.0,94.0,345.0
2023-04-25,67.0,191.0,104.0,62.0,383.0,62.0,10.9,51.0,66.0,97.0,145.0,75.0,289.0,571.0,65.0,75.0,15.0,33.0,117.0,86.0,445.0
2023-04-27,67.0,167.0,104.0,64.0,380.0,53.0,6.3,50.0,64.0,97.0,142.0,96.0,168.0,573.0,67.0,94.0,16.0,32.0,112.0,88.0,436.0
2023-04-28,71.0,169.0,104.0,49.0,387.0,45.0,6.2,48.0,86.0,97.0,142.0,100.0,168.0,546.0,76.0,70.0,15.0,32.0,118.0,89.0,432.0
2023-04-30,69.0,177.0,109.0,47.0,381.0,80.0,8.5,48.0,90.0,98.0,146.0,95.0,185.0,557.0,79.0,82.0,15.0,33.0,110.0,83.0,462.0
2023-05-01,75.0,201.0,113.0,59.0,433.0,66.0,11.2,50.0,54.0,98.0,156.0,126.0,251.0,574.0,66.0,90.0,16.0,33.0,106.0,87.0,499.0
2023-05-02,70.0,177.0,114.0,74.0,396.0,36.0,11.2,50.0,49.0,96.0,150.0,82.0,216.0,563.0,64.0,75.0,15.0,33.0,137.0,93.0,432.0
2023-05-04,60.0,149.0,104.0,79.0,332.0,45.0,6.9,51.0,48.0,97.0,142.0,90.0,168.0,558.0,67.0,70.0,16.0,33.0,93.0,88.0,377.0
2023-05-05,66.0,185.0,104.0,79.0,373.0,47.0,10.3,51.0,45.0,97.0,142.0,79.0,168.0,570.0,63.0,94.0,14.0,34.0,109.0,90.0,420.0
2023-05-06,68.0,172.0,106.0,74.0,394.0,62.0,10.2,52.0,59.0,97.0,142.0,93.0,262.0,573.0,66.0,90.0,16.0,33.0,128.0,87.0,456.0
2023-05-07,68.0,163.0,104.0,79.0,375.0,77.0,10.8,48.0,84.0,97.0,142.0,91.0,168.0,549.0,74.0,60.0,15.0,33.0,121.0,84.0,452.0
2023-05-08,67.0,167.0,121.0,64.0,380.0,53.0,13.1,50.0,64.0,97.0,176.0,96.0,487.0,573.0,67.0,94.0,16.0,32.0,112.0,88.0,436.0
2023-05-10,58.0,144.0,104.0,62.0,333.0,76.0,8.0,50.0,64.0,98.0,142.0,79.0,168.0,578.0,68.0,92.0,16.0,33.0,110.0,80.0,410.0
2023-05-11,77.0,221.0,106.0,84.0,440.0,50.0,11.4,53.0,54.0,97.0,150.0,91.0,427.0,572.0,64.0,91.0,16.0,33.0,128.0,90.0,490.0
2023-05-13,60.0,139.0,128.0,44.0,334.0,56.0,13.8,48.0,85.0,96.0,160.0,62.0,200.0,558.0,86.0,69.0,15.0,32.0,133.0,86.0,390.0
2023-05-14,58.0,161.0,126.0,52.0,341.0,50.0,12.2,50.0,68.0,98.0,166.0,99.0,312.0,588.0,75.0,105.0,16.0,32.0,81.0,88.0,391.0
2023-05-15,65.0,177.0,138.0,41.0,394.0,40.0,13.5,48.0,81.0,97.0,175.0,83.0,365.0,605.0,77.0,94.0,16.0,32.0,134.0,90.0,434.0
2023-05-17,63.0,142.0,116.0,62.0,372.0,92.0,11.6,48.0,68.0,97.0,156.0,98.0,398.0,593.0,74.0,101.0,16.0,32.0,132.0,80.0,465.0
2023-05-19,74.0,176.0,104.0,73.0,437.0,40.0,8.7,51.0,61.0,97.0,142.0,114.0,168.0,593.0,71.0,99.0,16.0,31.0,147.0,92.0,477.0
2023-05-20,81.0,193.0,92.0,63.0,451.0,64.0,12.1,47.0,85.0,97.0,117.0,117.0,94.0,558.0,80.0,78.0,15.0,32.0,141.0,88.0,515.0
2023-05-21,60.0,198.0,111.0,50.0,345.0,56.0,7.6,50.0,56.0,96.0,152.0,76.0,244.0,568.0,69.0,86.0,16.0,32.0,72.0,86.0,401.0
2023-05-23,67.0,167.0,104.0,64.0,380.0,53.0,3.7,50.0,64.0,97.0,142.0,96.0,168.0,573.0,67.0,94.0,16.0,32.0,112.0,88.0,436.0
2023-05-24,63.0,120.0,104.0,55.0,358.0,78.0,8.0,52.0,83.0,97.0,142.0,101.0,168.0,564.0,79.0,90.0,16.0,32.0,137.0,83.0,436.0
2023-05-25,59.0,98.0,104.0,69.0,333.0,44.0,9.4,47.0,57.0,99.0,142.0,123.0,168.0,565.0,65.0,87.0,15.0,32.0,112.0,88.0,377.0
2023-05-26,62.0,162.0,104.0,60.0,386.0,44.0,11.2,51.0,41.0,97.0,142.0,104.0,168.0,608.0,63.0,121.0,16.0,32.0,120.0,92.0,430.0
2023-05-28,93.0,261.0,103.0,57.0,486.0,40.0,11.1,47.0,90.0,97.0,147.0,128.0,271.0,522.0,82.0,39.0,15.0,32.0,97.0,92.0,526.0
2023-05-29,64.0,163.0,104.0,57.0,333.0,40.0,9.2,50.0,81.0,98.0,136.0,74.0,118.0,527.0,85.0,40.0,15.0,33.0,96.0,90.0,374.0
2023-05-31,62.0,159.0,112.0,64.0,360.0,66.0,10.4,49.0,56.0,97.0,156.0,98.0,347.0,578.0,72.0,92.0,16.0,32.0,103.0,86.0,427.0
2023-06-02,58.0,109.0,104.0,79.0,332.0,63.0,13.3,51.0,56.0,97.0,142.0,77.0,168.0,569.0,76.0,91.0,16.0,33.0,146.0,84.0,395.0
2023-06-03,80.0,187.0,104.0,45.0,475.0,71.0,9.0,50.0,56.0,96.0,142.0,122.0,168.0,596.0,71.0,98.0,16.0,32.0,166.0,87.0,546.0
2023-06-04,76.0,178.0,131.0,57.0,410.0,32.0,11.7,48.0,66.0,97.0,162.0,110.0,218.0,541.0,74.0,60.0,16.0,32.0,122.0,92.0,442.0
2023-06-05,72.0,186.0,106.0,62.0,409.0,50.0,9.0,52.0,40.0,98.0,148.0,114.0,166.0,572.0,60.0,82.0,16.0,32.0,110.0,90.0,458.0
2023-06-07,62.0,118.0,105.0,71.0,330.0,19.0,6.7,48.0,55.0,96.0,142.0,78.0,171.0,530.0,67.0,55.0,15.0,31.0,133.0,94.0,349.0
2023-06-08,78.0,199.0,127.0,53.0,450.0,27.0,14.0,49.0,70.0,97.0,161.0,101.0,388.0,575.0,69.0,89.0,15.0,32.0,150.0,94.0,477.0
2023-06-10,74.0,154.0,104.0,63.0,421.0,32.0,7.5,54.0,47.0,97.0,142.0,111.0,168.0,568.0,54.0,66.0,16.0,33.0,156.0,93.0,453.0
2023-06-11,73.0,184.0,104.0,78.0,406.0,38.0,13.4,53.0,55.0,97.0,142.0,91.0,168.0,556.0,64.0,78.0,15.0,32.0,131.0,94.0,444.0
2023-06-12,64.0,163.0,110.0,76.0,370.0,43.0,10.7,47.0,70.0,99.0,148.0,92.0,295.0,579.0,69.0,81.0,15.0,32.0,115.0,89.0,413.0
2023-06-13,73.0,196.0,112.0,76.0,408.0,42.0,9.5,49.0,60.0,97.0,158.0,98.0,330.0,562.0,66.0,80.0,16.0,33.0,116.0,90.0,451.0
2023-06-15,58.0,199.0,123.0,77.0,324.0,33.0,14.4,48.0,70.0,98.0,156.0,51.0,222.0,558.0,74.0,63.0,15.0,32.0,74.0,92.0,357.0
2023-06-17,65.0,167.0,104.0,64.0,388.0,66.0,11.3,52.0,58.0,97.0,142.0,84.0,168.0,602.0,63.0,98.0,16.0,32.0,137.0,85.0,454.0
2023-06-18,79.0,219.0,104.0,40.0,451.0,33.0,4.4,53.0,79.0,98.0,142.0,90.0,168.0,569.0,74.0,82.0,16.0,32.0,142.0,93.0,484.0
2023-06-19,82.0,214.0,108.0,51.0,430.0,56.0,9.0,49.0,66.0,97.0,147.0,90.0,248.0,520.0,68.0,40.0,16.0,32.0,127.0,88.0,486.0
2023-06-21,66.0,166.0,122.0,52.0,357.0,39.0,12.2,50.0,54.0,98.0,160.0,103.0,485.0,544.0,66.0,68.0,16.0,32.0,88.0,90.0,396.0
2023-06-22,70.0,178.0,114.0,66.0,398.0,60.0,11.7,50.0,58.0,98.0,154.0,96.0,348.0,570.0,66.0,84.0,16.0,32.0,124.0,86.0,458.0
2023-06-24,81.0,214.0,104.0,59.0,463.0,54.0,11.7,52.0,41.0,96.0,142.0,94.0,168.0,571.0,58.0,69.0,16.0,32.0,155.0,89.0,517.0
2023-06-25,70.0,182.0,104.0,40.0,383.0,47.0,7.0,50.0,69.0,97.0,142.0,84.0,168.0,546.0,69.0,57.0,15.0,31.0,117.0,90.0,430.0
2023-06-26,30.0,58.0,112.0,44.0,214.0,76.0,13.0,58.0,2.0,97.0,152.0,52.0,244.0,632.0,58.0,152.0,16.0,32.0,102.0,44.0,290.0
2023-06-28,98.0,133.0,104.0,45.0,299.0,29.0,14.2,54.0,39.0,98.0,142.0,58.0,168.0,304.0,47.0,233.0,17.0,33.0,108.0,91.0,328.0
2023-06-29,87.0,282.0,83.0,34.0,525.0,54.0,12.5,50.0,86.0,98.0,115.0,121.0,113.0,601.0,71.0,117.0,16.0,31.0,122.0,92.0,580.0
2023-07-01,67.0,167.0,104.0,64.0,380.0,53.0,9.9,50.0,64.0,97.0,142.0,96.0,168.0,573.0,67.0,94.0,16.0,32.0,112.0,88.0,436.0
2023-07-02,56.0,117.0,109.0,40.0,328.0,49.0,10.8,52.0,58.0,98.0,154.0,101.0,229.0,579.0,62.0,101.0,16.0,32.0,110.0,89.0,377.0
2023-07-04,70.0,202.0,96.0,52.0,398.0,62.0,9.6,50.0,68.0,97.0,147.0,78.0,185.0,572.0,63.0,85.0,16.0,32.0,118.0,86.0,459.0
2023-07-05,69.0,186.0,104.0,69.0,406.0,86.0,11.3,50.0,52.0,96.0,132.0,118.0,229.0,589.0,57.0,102.0,15.0,33.0,102.0,82.0,492.0
2023-07-06,77.0,148.0,128.0,78.0,449.0,59.0,16.1,50.0,60.0,96.0,160.0,125.0,358.0,581.0,61.0,93.0,15.0,33.0,176.0,88.0,508.0
2023-07-08,82.0,233.0,95.0,56.0,508.0,59.0,10.7,51.0,91.0,96.0,133.0,131.0,184.0,621.0,75.0,141.0,16.0,33.0,144.0,89.0,567.0
2023-07-10,62.0,182.0,111.0,63.0,364.0,69.0,12.2,48.0,79.0,96.0,144.0,85.0,280.0,585.0,69.0,84.0,16.0,32.0,98.0,84.0,433.0
2023-07-11,52.0,125.0,93.0,76.0,295.0,75.0,8.8,49.0,66.0,96.0,137.0,93.0,139.0,567.0,71.0,82.0,16.0,33.0,77.0,81.0,370.0
2023-07-12,67.0,167.0,94.0,64.0,380.0,53.0,11.5,50.0,64.0,97.0,136.0,96.0,156.0,573.0,67.0,94.0,16.0,32.0,112.0,88.0,436.0
2023-07-13,80.0,175.0,79.0,68.0,482.0,70.0,9.1,47.0,95.0,97.0,107.0,123.0,69.0,601.0,73.0,112.0,16.0,33.0,184.0,87.0,552.0
2023-07-15,60.0,154.0,108.0,50.0,324.0,49.0,8.6,49.0,85.0,96.0,146.0,87.0,94.0,540.0,75.0,60.0,16.0,33.0,83.0,86.0,373.0
2023-07-16,72.0,170.0,91.0,70.0,408.0,82.0,7.3,44.0,89.0,97.0,129.0,116.0,143.0,568.0,74.0,92.0,15.0,33.0,122.0,83.0,490.0
2023-07-17,66.0,199.0,104.0,75.0,372.0,55.0,8.8,43.0,92.0,97.0,135.0,96.0,130.0,563.0,84.0,81.0,15.0,33.0,77.0,87.0,427.0
2023-07-18,66.0,144.0,104.0,78.0,366.0,75.0,13.2,46.0,65.0,98.0,142.0,106.0,168.0,559.0,70.0,80.0,16.0,32.0,116.0,83.0,441.0
2023-07-20,58.0,157.0,104.0,81.0,331.0,55.0,11.6,50.0,43.0,98.0,150.0,73.0,283.0,576.0,60.0,81.0,16.0,33.0,101.0,87.0,386.0
2023-07-21,60.0,160.0,102.0,64.0,346.0,49.0,12.5,50.0,64.0,97.0,144.0,84.0,185.0,574.0,67.0,98.0,16.0,32.0,99.0,89.0,396.0
2023-07-23,93.0,213.0,88.0,7.0,458.0,85.0,8.4,48.0,86.0,97.0,134.0,153.0,135.0,491.0,69.0,101.0,16.0,33.0,92.0,84.0,543.0
2023-07-25,80.0,202.0,104.0,29.0,396.0,62.0,4.3,44.0,95.0,94.0,142.0,106.0,168.0,497.0,79.0,20.0,15.0,32.0,88.0,88.0,458.0
2023-07-27,63.0,188.0,87.0,38.0,291.0,25.0,8.6,45.0,89.0,96.0,125.0,52.0,86.0,460.0,85.0,51.0,16.0,32.0,51.0,92.0,316.0
2023-07-28,24.0,82.0,104.0,56.0,140.0,14.0,4.7,45.0,37.0,96.0,142.0,24.0,168.0,594.0,84.0,118.0,15.0,33.0,33.0,90.0,154.0
2023-07-29,62.0,176.0,93.0,46.0,337.0,34.0,10.7,48.0,67.0,96.0,129.0,105.0,199.0,548.0,70.0,150.0,16.0,34.0,56.0,92.0,371.0
2023-07-30,78.0,267.0,106.0,55.0,448.0,41.0,10.5,53.0,75.0,96.0,157.0,78.0,417.0,574.0,71.0,89.0,16.0,33.0,103.0,91.0,489.0
2023-07-31,50.0,143.0,90.0,66.0,275.0,31.0,7.9,53.0,31.0,96.0,104.0,53.0,63.0,550.0,61.0,66.0,16.0,33.0,79.0,89.0,306.0
2023-08-01,51.0,164.0,114.0,63.0,304.0,55.0,14.1,50.0,44.0,98.0,147.0,60.0,356.0,595.0,62.0,117.0,16.0,34.0,80.0,84.0,359.0
2023-08-02,68.0,179.0,104.0,64.0,417.0,29.0,6.3,55.0,51.0,96.0,142.0,104.0,168.0,617.0,58.0,115.0,16.0,34.0,134.0,93.0,446.0
2023-08-03,52.0,140.0,83.0,71.0,296.0,55.0,11.2,51.0,37.0,97.0,109.0,71.0,36.0,571.0,59.0,96.0,16.0,33.0,85.0,87.0,351.0
2023-08-04,39.0,69.0,116.0,40.0,234.0,42.0,13.8,57.0,14.0,95.0,158.0,72.0,358.0,600.0,45.0,112.0,16.0,33.0,93.0,89.0,276.0
2023-08-05,63.0,225.0,126.0,55.0,402.0,41.0,10.8,47.0,86.0,98.0,175.0,82.0,415.0,643.0,80.0,143.0,16.0,33.0,95.0,92.0,443.0
2023-08-07,67.0,167.0,104.0,64.0,380.0,53.0,0.0,50.0,64.0,97.0,142.0,96.0,168.0,573.0,67.0,94.0,16.0,32.0,112.0,88.0,436.0
2023-08-08,67.0,167.0,104.0,64.0,380.0,53.0,10.0,50.0,64.0,97.0,142.0,96.0,168.0,573.0,67.0,94.0,16.0,32.0,112.0,88.0,436.0
2023-08-09,67.0,167.0,104.0,64.0,380.0,53.0,10.0,50.0,64.0,97.0,142.0,96.0,168.0,573.0,67.0,94.0,16.0,32.0,112.0,88.0,436.0
2023-08-10,67.0,167.0,114.0,64.0,380.0,53.0,14.2,50.0,64.0,97.0,146.0,96.0,205.0,573.0,67.0,94.0,16.0,32.0,112.0,88.0,436.0
2023-08-11,51.0,103.0,104.0,64.0,312.0,60.0,8.5,54.0,37.0,97.0,142.0,94.0,168.0,609.0,54.0,111.0,16.0,34.0,115.0,87.0,372.0
2023-08-12,40.0,102.0,104.0,64.0,239.0,40.0,5.0,52.0,27.0,97.0,142.0,69.0,168.0,594.0,62.0,115.0,17.0,34.0,68.0,88.0,279.0
2023-08-13,64.0,152.0,110.0,50.0,323.0,40.0,11.6,51.0,58.0,96.0,160.0,83.0,292.0,523.0,62.0,112.0,16.0,33.0,88.0,88.0,363.0
2023-08-14,71.0,210.0,95.0,54.0,397.0,48.0,8.9,53.0,52.0,98.0,140.0,71.0,188.0,556.0,57.0,48.0,16.0,33.0,116.0,89.0,445.0
2023-08-15,83.0,198.0,108.0,55.0,468.0,71.0,12.4,48.0,58.0,95.0,150.0,115.0,197.0,567.0,60.0,87.0,15.0,32.0,155.0,86.0,539.0
2023-08-16,85.0,194.0,98.0,69.0,463.0,49.0,11.2,48.0,83.0,97.0,134.0,96.0,206.0,543.0,71.0,51.0,15.0,30.0,173.0,90.0,512.0
2023-08-17,67.0,167.0,112.0,64.0,380.0,53.0,11.4,50.0,64.0,97.0,157.0,96.0,381.0,573.0,67.0,94.0,16.0,32.0,112.0,88.0,436.0
2023-08-19,73.0,133.0,96.0,62.0,387.0,40.0,10.4,46.0,65.0,99.0,135.0,109.0,201.0,533.0,65.0,45.0,15.0,32.0,145.0,90.0,427.0
2023-08-20,73.0,169.0,113.0,82.0,394.0,81.0,11.6,46.0,86.0,97.0,147.0,118.0,221.0,543.0,77.0,65.0,16.0,33.0,108.0,83.0,475.0
2023-08-21,71.0,190.0,93.0,76.0,406.0,46.0,11.0,47.0,75.0,99.0,151.0,112.0,392.0,573.0,72.0,70.0,16.0,32.0,104.0,90.0,452.0
2023-08-23,67.0,166.0,100.0,83.0,375.0,69.0,10.4,47.0,60.0,97.0,138.0,90.0,207.0,560.0,69.0,74.0,15.0,32.0,119.0,85.0,444.0
2023-08-25,69.0,195.0,116.0,58.0,382.0,69.0,12.8,48.0,56.0,98.0,161.0,89.0,464.0,556.0,69.0,75.0,15.0,32.0,98.0,84.0,451.0
2023-08-26,75.0,189.0,101.0,69.0,422.0,38.0,11.0,54.0,36.0,98.0,136.0,111.0,284.0,567.0,55.0,72.0,16.0,33.0,122.0,91.0,460.0
2023-08-27,64.0,145.0,104.0,61.0,361.0,53.0,10.3,47.0,63.0,98.0,150.0,104.0,270.0,562.0,67.0,78.0,15.0,32.0,112.0,88.0,415.0
2023-08-29,62.0,130.0,117.0,63.0,359.0,54.0,9.4,47.0,46.0,94.0,157.0,122.0,130.0,577.0,59.0,82.0,15.0,32.0,107.0,86.0,413.0
2023-08-30,72.0,150.0,107.0,72.0,412.0,45.0,12.7,48.0,59.0,96.0,149.0,118.0,174.0,573.0,61.0,96.0,15.0,32.0,144.0,90.0,457.0
2023-09-01,67.0,162.0,70.0,70.0,388.0,22.0,14.1,47.0,81.0,98.0,164.0,103.0,2498.0,577.0,70.0,75.0,15.0,32.0,123.0,94.0,410.0
2023-09-03,35.0,90.0,96.0,47.0,204.0,28.0,8.5,45.0,74.0,100.0,130.0,50.0,128.0,577.0,74.0,90.0,16.0,32.0,64.0,91.0,232.0
2023-09-04,85.0,194.0,120.0,45.0,425.0,52.0,13.6,46.0,86.0,97.0,173.0,120.0,685.0,500.0,71.0,103.0,16.0,33.0,111.0,90.0,477.0
2023-09-05,63.0,150.0,104.0,40.0,343.0,59.0,10.5,48.0,71.0,99.0,154.0,90.0,343.0,543.0,68.0,45.0,16.0,33.0,103.0,85.0,402.0
2023-09-06,49.0,134.0,108.0,47.0,280.0,70.0,10.4,55.0,23.0,97.0,158.0,52.0,347.0,571.0,59.0,87.0,17.0,34.0,94.0,80.0,350.0
2023-09-07,42.0,97.0,120.0,58.0,253.0,37.0,11.4,52.0,20.0,98.0,168.0,84.0,278.0,603.0,52.0,119.0,15.0,33.0,72.0,87.0,290.0
2023-09-08,69.0,207.0,81.0,57.0,422.0,114.0,9.5,53.0,39.0,97.0,118.0,125.0,112.0,615.0,55.0,127.0,15.0,34.0,90.0,78.0,536.0
2023-09-09,59.0,115.0,104.0,54.0,339.0,39.0,4.9,47.0,68.0,97.0,142.0,90.0,168.0,574.0,69.0,93.0,15.0,34.0,134.0,89.0,378.0
2023-09-10,73.0,147.0,108.0,64.0,418.0,46.0,11.6,48.0,63.0,98.0,166.0,100.0,405.0,569.0,64.0,96.0,15.0,33.0,171.0,90.0,464.0
2023-09-11,42.0,100.0,104.0,55.0,249.0,50.0,8.1,48.0,63.0,97.0,147.0,62.0,214.0,579.0,68.0,96.0,15.0,32.0,88.0,79.0,299.0
2023-09-12,61.0,170.0,104.0,49.0,321.0,56.0,10.6,47.0,67.0,98.0,158.0,77.0,194.0,527.0,68.0,93.0,15.0,32.0,74.0,85.0,377.0
2023-09-13,68.0,181.0,97.0,56.0,401.0,55.0,7.9,48.0,61.0,97.0,130.0,92.0,91.0,587.0,64.0,103.0,15.0,31.0,128.0,88.0,456.0
2023-09-15,49.0,126.0,104.0,46.0,291.0,41.0,10.1,48.0,34.0,98.0,142.0,72.0,168.0,597.0,58.0,119.0,14.0,32.0,93.0,88.0,332.0
2023-09-16,60.0,178.0,104.0,55.0,364.0,39.0,13.5,52.0,53.0,98.0,142.0,74.0,168.0,610.0,62.0,127.0,16.0,31.0,112.0,90.0,403.0
2023-09-17,68.0,158.0,108.0,54.0,414.0,45.0,11.6,50.0,74.0,98.0,169.0,109.0,330.0,602.0,70.0,108.0,15.0,32.0,148.0,90.0,460.0
2023-09-19,51.0,135.0,78.0,59.0,304.0,31.0,8.5,51.0,54.0,98.0,124.0,72.0,118.0,601.0,68.0,115.0,15.0,32.0,97.0,92.0,335.0
2023-09-20,57.0,161.0,104.0,69.0,347.0,35.0,10.3,45.0,80.0,98.0,134.0,80.0,138.0,606.0,80.0,127.0,15.0,32.0,106.0,90.0,382.0
2023-09-21,59.0,154.0,104.0,78.0,365.0,45.0,5.3,49.0,66.0,98.0,142.0,118.0,168.0,611.0,68.0,127.0,15.0,31.0,93.0,88.0,410.0
2023-09-23,79.0,218.0,103.0,44.0,473.0,39.0,10.5,49.0,68.0,99.0,138.0,127.0,245.0,597.0,67.0,126.0,15.0,32.0,128.0,92.0,512.0
2023-09-24,69.0,182.0,118.0,42.0,383.0,39.0,12.4,51.0,73.0,97.0,154.0,90.0,445.0,555.0,65.0,79.0,16.0,32.0,111.0,91.0,422.0
2023-09-25,74.0,197.0,104.0,53.0,443.0,33.0,7.2,52.0,71.0,98.0,128.0,110.0,84.0,602.0,63.0,110.0,16.0,32.0,136.0,93.0,476.0
2023-09-26,69.0,149.0,104.0,65.0,398.0,43.0,5.7,49.0,77.0,98.0,142.0,108.0,168.0,578.0,70.0,102.0,15.0,30.0,141.0,90.0,441.0
2023-09-28,56.0,129.0,120.0,71.0,329.0,61.0,13.5,49.0,43.0,98.0,153.0,116.0,112.0,589.0,61.0,115.0,16.0,32.0,84.0,84.0,390.0
2023-09-29,58.0,120.0,127.0,60.0,352.0,44.0,12.7,51.0,52.0,98.0,156.0,104.0,270.0,614.0,64.0,127.0,16.0,32.0,128.0,88.0,396.0
2023-10-01,58.0,140.0,102.0,56.0,372.0,39.0,8.6,53.0,60.0,98.0,128.0,96.0,128.0,635.0,67.0,110.0,17.0,31.0,136.0,93.0,411.0
2023-10-02,58.0,142.0,105.0,66.0,354.0,53.0,8.8,49.0,59.0,98.0,155.0,101.0,220.0,606.0,66.0,127.0,16.0,32.0,111.0,88.0,406.0
2023-10-04,61.0,158.0,96.0,81.0,370.0,33.0,6.3,51.0,38.0,97.0,118.0,84.0,48.0,606.0,56.0,127.0,16.0,32.0,128.0,91.0,403.0
2023-10-05,51.0,151.0,104.0,81.0,305.0,32.0,8.8,47.0,53.0,97.0,134.0,66.0,139.0,602.0,64.0,127.0,16.0,32.0,88.0,91.0,337.0
2023-10-06,28.0,62.0,107.0,52.0,172.0,32.0,10.0,52.0,6.0,98.0,144.0,54.0,225.0,606.0,48.0,127.0,16.0,33.0,56.0,86.0,204.0
2023-10-07,53.0,150.0,105.0,43.0,321.0,59.0,11.0,65.0,21.0,99.0,146.0,77.0,161.0,610.0,46.0,127.0,18.0,33.0,94.0,85.0,380.0
2023-10-08,86.0,209.0,105.0,50.0,528.0,76.0,10.5,50.0,96.0,98.0,144.0,144.0,134.0,613.0,78.0,127.0,16.0,31.0,175.0,88.0,604.0
2023-10-09,82.0,161.0,113.0,65.0,443.0,53.0,13.9,47.0,92.0,96.0,151.0,113.0,239.0,538.0,80.0,54.0,15.0,32.0,169.0,89.0,496.0
2023-10-10,51.0,91.0,111.0,72.0,284.0,32.0,10.4,50.0,47.0,99.0,152.0,76.0,344.0,560.0,63.0,61.0,16.0,31.0,117.0,89.0,316.0
2023-10-11,67.0,174.0,118.0,54.0,406.0,63.0,12.5,51.0,61.0,98.0,160.0,113.0,264.0,611.0,64.0,127.0,16.0,32.0,119.0,86.0,469.0
2023-10-12,58.0,149.0,104.0,64.0,360.0,62.0,7.2,47.0,57.0,97.0,142.0,103.0,168.0,620.0,65.0,127.0,14.0,33.0,108.0,85.0,422.0
2023-10-13,67.0,152.0,86.0,69.0,404.0,52.0,8.2,47.0,70.0,98.0,147.0,115.0,336.0,603.0,68.0,127.0,15.0,32.0,137.0,90.0,456.0
2023-10-14,76.0,156.0,97.0,52.0,457.0,23.0,7.5,50.0,64.0,97.0,130.0,99.0,93.0,605.0,65.0,127.0,16.0,33.0,202.0,95.0,480.0
2023-10-15,66.0,135.0,109.0,60.0,378.0,80.0,10.4,47.0,80.0,97.0,149.0,102.0,206.0,580.0,72.0,100.0,15.0,32.0,142.0,83.0,458.0
2023-10-16,51.0,137.0,104.0,53.0,308.0,74.0,7.3,53.0,31.0,95.0,142.0,68.0,168.0,606.0,59.0,121.0,17.0,32.0,103.0,80.0,382.0
2023-10-18,68.0,176.0,104.0,62.0,410.0,424.0,9.9,50.0,50.0,98.0,142.0,95.0,168.0,602.0,64.0,127.0,16.0,32.0,138.0,63.0,834.0
2023-10-19,67.0,167.0,118.0,64.0,380.0,53.0,9.9,50.0,64.0,97.0,162.0,96.0,257.0,573.0,67.0,94.0,16.0,32.0,112.0,88.0,436.0
2023-10-20,47.0,141.0,104.0,23.0,285.0,35.0,4.8,52.0,34.0,97.0,142.0,58.0,168.0,609.0,54.0,127.0,16.0,32.0,86.0,89.0,320.0
2023-10-21,73.0,177.0,106.0,27.0,440.0,83.0,11.0,50.0,69.0,98.0,158.0,113.0,382.0,600.0,63.0,127.0,16.0,31.0,150.0,86.0,523.0
2023-10-22,78.0,161.0,103.0,46.0,457.0,23.0,7.3,48.0,78.0,97.0,140.0,108.0,98.0,588.0,69.0,103.0,15.0,32.0,188.0,95.0,480.0
2023-10-23,65.0,190.0,109.0,51.0,372.0,111.0,9.7,51.0,63.0,97.0,151.0,73.0,245.0,571.0,65.0,90.0,16.0,33.0,109.0,81.0,483.0
2023-10-25,62.0,160.0,100.0,68.0,368.0,38.0,6.6,50.0,64.0,98.0,146.0,85.0,124.0,596.0,65.0,122.0,16.0,33.0,123.0,92.0,406.0
2023-10-27,68.0,167.0,96.0,69.0,412.0,57.0,5.9,50.0,62.0,98.0,136.0,118.0,202.0,603.0,63.0,127.0,16.0,33.0,127.0,88.0,469.0
2023-10-28,70.0,145.0,101.0,80.0,415.0,44.0,8.8,49.0,65.0,95.0,129.0,136.0,79.0,596.0,63.0,122.0,16.0,33.0,134.0,90.0,459.0
2023-10-29,85.0,227.0,85.0,77.0,505.0,46.0,6.9,50.0,79.0,98.0,114.0,128.0,29.0,595.0,66.0,116.0,15.0,32.0,150.0,91.0,551.0
2023-10-30,70.0,158.0,111.0,73.0,376.0,56.0,11.5,48.0,86.0,98.0,146.0,96.0,272.0,534.0,70.0,58.0,16.0,32.0,121.0,87.0,432.0
2023-11-01,68.0,173.0,118.0,79.0,395.0,58.0,9.9,54.0,36.0,97.0,157.0,93.0,255.0,580.0,53.0,106.0,16.0,33.0,129.0,89.0,453.0
2023-11-02,66.0,151.0,104.0,85.0,380.0,65.0,7.4,47.0,92.0,98.0,142.0,116.0,168.0,574.0,79.0,92.0,15.0,32.0,113.0,88.0,445.0
2023-11-03,49.0,162.0,92.0,65.0,279.0,15.0,8.1,50.0,39.0,97.0,136.0,75.0,186.0,573.0,60.0,97.0,15.0,33.0,42.0,94.0,294.0
2023-11-04,60.0,151.0,103.0,61.0,364.0,51.0,8.2,47.0,76.0,98.0,138.0,86.0,227.0,605.0,73.0,127.0,15.0,32.0,127.0,88.0,415.0
2023-11-05,82.0,171.0,84.0,65.0,491.0,67.0,7.0,47.0,90.0,97.0,119.0,144.0,99.0,597.0,77.0,120.0,16.0,33.0,176.0,88.0,558.0
2023-11-06,68.0,205.0,98.0,72.0,370.0,36.0,8.4,44.0,90.0,99.0,134.0,77.0,130.0,543.0,87.0,68.0,14.0,31.0,88.0,91.0,406.0
2023-11-07,69.0,197.0,108.0,78.0,406.0,76.0,10.5,44.0,84.0,98.0,154.0,112.0,347.0,589.0,85.0,111.0,14.0,33.0,97.0,84.0,482.0
2023-11-08,61.0,142.0,104.0,75.0,366.0,60.0,4.5,48.0,63.0,98.0,142.0,108.0,168.0,601.0,74.0,117.0,15.0,31.0,116.0,87.0,426.0
2023-11-09,70.0,200.0,106.0,82.0,410.0,31.0,10.8,47.0,76.0,98.0,142.0,94.0,224.0,590.0,79.0,117.0,15.0,32.0,116.0,93.0,441.0
2023-11-10,67.0,153.0,97.0,80.0,399.0,88.0,10.4,51.0,49.0,97.0,144.0,107.0,282.0,600.0,66.0,115.0,16.0,33.0,139.0,82.0,487.0
2023-11-11,77.0,230.0,103.0,65.0,447.0,37.0,8.3,47.0,67.0,98.0,156.0,79.0,284.0,583.0,74.0,100.0,15.0,33.0,138.0,92.0,484.0
2023-11-12,32.0,98.0,104.0,66.0,188.0,40.0,7.7,68.0,1.0,98.0,142.0,47.0,168.0,583.0,29.0,107.0,17.0,35.0,43.0,78.0,229.0
2023-11-13,100.0,168.0,107.0,59.0,318.0,35.0,9.3,46.0,88.0,98.0,150.0,68.0,320.0,313.0,76.0,127.0,15.0,31.0,82.0,91.0,353.0
2023-11-14,87.0,186.0,104.0,60.0,416.0,56.0,5.4,49.0,80.0,96.0,142.0,120.0,168.0,480.0,72.0,0.0,16.0,33.0,110.0,90.0,472.0
2023-11-15,70.0,172.0,114.0,65.0,360.0,44.0,9.0,46.0,83.0,98.0,142.0,67.0,106.0,514.0,78.0,41.0,15.0,32.0,121.0,89.0,404.0
2023-11-16,74.0,234.0,104.0,73.0,425.0,56.0,5.7,50.0,60.0,97.0,142.0,90.0,168.0,578.0,71.0,99.0,16.0,32.0,101.0,88.0,481.0
2023-11-17,58.0,196.0,104.0,64.0,329.0,35.0,7.3,46.0,65.0,98.0,142.0,75.0,168.0,572.0,74.0,98.0,15.0,33.0,58.0,90.0,364.0
2023-11-18,63.0,154.0,104.0,58.0,373.0,58.0,5.9,47.0,87.0,97.0,142.0,92.0,168.0,597.0,83.0,121.0,16.0,32.0,127.0,88.0,431.0
2023-11-19,64.0,222.0,104.0,72.0,372.0,39.0,12.1,44.0,90.0,98.0,142.0,104.0,168.0,585.0,85.0,111.0,15.0,31.0,46.0,92.0,411.0
2023-11-20,67.0,198.0,98.0,63.0,396.0,62.0,8.4,51.0,56.0,97.0,126.0,100.0,82.0,592.0,72.0,106.0,17.0,32.0,98.0,88.0,459.0
2023-11-22,60.0,149.0,106.0,63.0,357.0,56.0,8.0,48.0,44.0,99.0,138.0,84.0,132.0,592.0,70.0,117.0,16.0,32.0,124.0,87.0,414.0
2023-11-24,61.0,124.0,132.0,69.0,346.0,62.0,11.7,61.0,15.0,97.0,158.0,96.0,190.0,564.0,43.0,85.0,17.0,33.0,126.0,85.0,408.0
2023-11-25,65.0,232.0,93.0,75.0,391.0,45.0,10.0,51.0,45.0,98.0,134.0,78.0,144.0,597.0,58.0,109.0,16.0,31.0,81.0,92.0,436.0
2023-11-26,82.0,214.0,94.0,76.0,500.0,50.0,8.2,54.0,58.0,99.0,132.0,98.0,116.0,609.0,65.0,127.0,16.0,32.0,188.0,91.0,550.0
2023-11-27,66.0,193.0,96.0,83.0,359.0,50.0,8.3,52.0,64.0,97.0,130.0,49.0,135.0,547.0,71.0,70.0,16.0,34.0,117.0,87.0,409.0
2023-11-28,69.0,221.0,100.0,69.0,392.0,56.0,9.6,50.0,64.0,98.0,132.0,77.0,196.0,572.0,69.0,94.0,16.0,33.0,94.0,87.0,448.0
2023-11-29,65.0,185.0,104.0,81.0,384.0,48.0,5.1,51.0,55.0,98.0,142.0,90.0,168.0,596.0,65.0,115.0,16.0,31.0,109.0,89.0,432.0
2023-11-30,64.0,178.0,105.0,89.0,372.0,49.0,9.8,50.0,50.0,99.0,142.0,104.0,158.0,578.0,63.0,105.0,16.0,31.0,90.0,89.0,421.0
2023-12-01,73.0,173.0,101.0,84.0,424.0,53.0,7.2,48.0,69.0,97.0,134.0,105.0,236.0,584.0,71.0,103.0,15.0,32.0,146.0,90.0,477.0
2023-12-02,64.0,156.0,98.0,65.0,372.0,79.0,7.2,50.0,81.0,96.0,131.0,73.0,154.0,578.0,78.0,102.0,17.0,33.0,143.0,82.0,451.0
2023-12-03,74.0,182.0,104.0,63.0,430.0,48.0,5.5,47.0,82.0,97.0,142.0,115.0,168.0,578.0,76.0,102.0,15.0,32.0,133.0,90.0,478.0
2023-12-04,59.0,157.0,113.0,65.0,337.0,49.0,10.0,50.0,53.0,96.0,151.0,86.0,114.0,568.0,69.0,95.0,16.0,33.0,94.0,87.0,386.0
2023-12-05,76.0,209.0,101.0,70.0,450.0,60.0,7.9,50.0,56.0,97.0,129.0,110.0,119.0,588.0,66.0,108.0,15.0,32.0,131.0,88.0,510.0
2023-12-06,67.0,167.0,104.0,64.0,380.0,53.0,0.0,50.0,64.0,97.0,142.0,96.0,168.0,573.0,67.0,94.0,16.0,32.0,112.0,88.0,436.0
2023-12-07,67.0,167.0,104.0,64.0,380.0,53.0,0.0,50.0,64.0,97.0,142.0,96.0,168.0,573.0,67.0,94.0,16.0,32.0,112.0,88.0,436.0
2023-12-08,67.0,167.0,104.0,64.0,380.0,53.0,10.0,50.0,64.0,97.0,142.0,96.0,168.0,573.0,67.0,94.0,16.0,32.0,112.0,88.0,436.0
2023-12-11,67.0,167.0,104.0,64.0,380.0,53.0,10.0,50.0,64.0,97.0,142.0,96.0,168.0,573.0,67.0,94.0,16.0,32.0,112.0,88.0,436.0
2023-12-12,67.0,167.0,104.0,64.0,380.0,53.0,0.3,50.0,64.0,97.0,142.0,96.0,168.0,573.0,67.0,94.0,16.0,32.0,112.0,88.0,436.0
2023-12-14,75.0,155.0,98.0,64.0,412.0,50.0,8.4,47.0,71.0,96.0,128.0,116.0,118.0,548.0,68.0,77.0,15.0,32.0,141.0,89.0,462.0
2023-12-15,60.0,192.0,105.0,64.0,336.0,83.0,10.2,50.0,67.0,98.0,131.0,56.0,108.0,564.0,70.0,87.0,16.0,32.0,88.0,80.0,419.0
2023-12-16,47.0,172.0,104.0,56.0,283.0,35.0,6.3,53.0,43.0,96.0,142.0,48.0,168.0,596.0,65.0,114.0,16.0,33.0,63.0,88.0,318.0
2023-12-17,72.0,188.0,99.0,67.0,431.0,41.0,9.8,48.0,71.0,98.0,145.0,101.0,424.0,602.0,68.0,127.0,16.0,33.0,142.0,93.0,472.0
2023-12-18,73.0,214.0,94.0,73.0,421.0,58.0,7.5,50.0,61.0,96.0,120.0,100.0,108.0,578.0,66.0,98.0,16.0,33.0,108.0,89.0,479.0
2023-12-19,66.0,163.0,104.0,65.0,388.0,50.0,8.1,48.0,71.0,98.0,142.0,111.0,168.0,588.0,69.0,114.0,16.0,32.0,114.0,90.0,438.0
2023-12-20,90.0,277.0,104.0,76.0,518.0,44.0,4.9,48.0,90.0,96.0,142.0,124.0,168.0,577.0,74.0,99.0,16.0,32.0,117.0,92.0,562.0
2023-12-22,68.0,162.0,104.0,61.0,348.0,43.0,9.0,47.0,61.0,96.0,142.0,101.0,168.0,510.0,66.0,38.0,15.0,32.0,85.0,90.0,391.0
2023-12-24,29.0,62.0,104.0,64.0,160.0,14.0,6.4,50.0,64.0,97.0,142.0,37.0,168.0,554.0,67.0,81.0,14.0,32.0,61.0,92.0,174.0
2023-12-25,42.0,112.0,143.0,36.0,177.0,40.0,13.1,53.0,58.0,97.0,179.0,41.0,465.0,475.0,57.0,70.0,17.0,33.0,24.0,89.0,216.0
2023-12-26,84.0,239.0,113.0,23.0,397.0,99.0,10.2,49.0,87.0,96.0,163.0,81.0,386.0,474.0,71.0,60.0,17.0,32.0,77.0,80.0,496.0
2023-12-27,88.0,208.0,108.0,38.0,466.0,27.0,9.4,47.0,93.0,97.0,148.0,85.0,271.0,531.0,74.0,49.0,15.0,33.0,173.0,94.0,493.0
2023-12-28,68.0,139.0,95.0,57.0,354.0,31.0,8.3,48.0,74.0,97.0,116.0,98.0,166.0,522.0,65.0,42.0,15.0,32.0,117.0,91.0,385.0
2023-12-29,74.0,110.0,83.0,70.0,414.0,64.0,7.2,49.0,73.0,97.0,99.0,139.0,18.0,561.0,64.0,83.0,16.0,33.0,165.0,86.0,478.0
2023-12-30,60.0,165.0,104.0,80.0,328.0,65.0,14.5,69.0,8.0,97.0,142.0,73.0,168.0,549.0,41.0,73.0,18.0,35.0,90.0,83.0,393.0
2023-12-31,14.0,55.0,104.0,46.0,88.0,24.0,11.7,93.0,1.0,97.0,142.0,20.0,168.0,608.0,9.0,118.0,16.0,37.0,13.0,79.0,112.0
2024-01-01,41.0,142.0,104.0,35.0,207.0,119.0,8.1,79.0,1.0,94.0,142.0,45.0,168.0,503.0,15.0,127.0,15.0,34.0,20.0,63.0,326.0
2024-01-02,63.0,211.0,99.0,52.0,380.0,62.0,7.5,52.0,61.0,97.0,140.0,70.0,255.0,604.0,58.0,127.0,18.0,31.0,99.0,86.0,442.0
2024-01-03,60.0,215.0,104.0,60.0,361.0,46.0,4.7,49.0,53.0,99.0,142.0,63.0,168.0,603.0,62.0,127.0,17.0,31.0,83.0,88.0,407.0
2024-01-04,62.0,190.0,88.0,65.0,372.0,26.0,5.3,52.0,61.0,98.0,124.0,74.0,107.0,600.0,61.0,127.0,17.0,32.0,108.0,94.0,398.0
2024-01-05,79.0,244.0,104.0,74.0,477.0,41.0,5.4,53.0,87.0,96.0,142.0,94.0,168.0,600.0,74.0,127.0,17.0,32.0,139.0,93.0,518.0
2024-01-06,48.0,146.0,104.0,69.0,263.0,30.0,9.2,52.0,36.0,97.0,142.0,56.0,168.0,557.0,80.0,101.0,16.0,33.0,61.0,94.0,292.0
2024-01-07,100.0,177.0,134.0,13.0,357.0,75.0,14.8,54.0,76.0,98.0,158.0,96.0,210.0,137.0,60.0,127.0,16.0,32.0,84.0,82.0,432.0
2024-01-08,88.0,230.0,116.0,39.0,446.0,52.0,10.0,57.0,60.0,98.0,145.0,82.0,84.0,504.0,52.0,0.0,16.0,31.0,134.0,89.0,498.0
2024-01-09,76.0,187.0,92.0,59.0,394.0,85.0,8.9,52.0,45.0,97.0,119.0,110.0,82.0,519.0,52.0,37.0,15.0,33.0,97.0,82.0,479.0
2024-01-10,81.0,151.0,100.0,76.0,452.0,50.0,9.5,51.0,71.0,97.0,130.0,108.0,151.0,559.0,63.0,80.0,15.0,33.0,193.0,90.0,502.0
2024-01-12,68.0,141.0,125.0,58.0,375.0,42.0,14.5,51.0,84.0,97.0,167.0,60.0,207.0,548.0,70.0,68.0,15.0,33.0,174.0,89.0,417.0
2024-01-13,69.0,204.0,104.0,75.0,407.0,67.0,4.8,51.0,58.0,96.0,142.0,89.0,168.0,589.0,57.0,86.0,16.0,34.0,114.0,85.0,474.0
2024-01-14,70.0,159.0,92.0,86.0,395.0,81.0,5.8,54.0,84.0,98.0,135.0,97.0,99.0,563.0,69.0,91.0,16.0,33.0,139.0,82.0,476.0
2024-01-15,80.0,204.0,93.0,80.0,444.0,54.0,6.5,48.0,88.0,97.0,133.0,96.0,127.0,556.0,72.0,81.0,15.0,32.0,144.0,90.0,498.0
2024-01-16,89.0,205.0,129.0,85.0,477.0,78.0,14.8,48.0,81.0,97.0,158.0,146.0,188.0,538.0,72.0,64.0,16.0,31.0,126.0,86.0,555.0
2024-01-18,63.0,164.0,104.0,73.0,344.0,52.0,6.0,52.0,47.0,97.0,142.0,79.0,168.0,544.0,58.0,39.0,15.0,32.0,101.0,87.0,396.0
2024-01-19,74.0,233.0,105.0,83.0,426.0,62.0,12.7,54.0,39.0,98.0,152.0,86.0,319.0,573.0,50.0,100.0,16.0,32.0,107.0,87.0,488.0
2024-01-20,77.0,176.0,111.0,75.0,437.0,71.0,10.2,48.0,75.0,96.0,142.0,98.0,338.0,566.0,69.0,73.0,15.0,31.0,163.0,86.0,508.0
2024-01-21,80.0,238.0,113.0,73.0,442.0,77.0,9.7,48.0,77.0,97.0,154.0,109.0,208.0,557.0,69.0,81.0,15.0,31.0,95.0,85.0,519.0
2024-01-23,71.0,178.0,94.0,79.0,391.0,63.0,12.4,48.0,69.0,97.0,108.0,105.0,18.0,548.0,66.0,57.0,16.0,33.0,108.0,86.0,454.0
2024-01-24,66.0,178.0,105.0,82.0,373.0,24.0,8.5,51.0,64.0,98.0,152.0,105.0,291.0,569.0,66.0,78.0,16.0,33.0,90.0,94.0,397.0
2024-01-25,64.0,127.0,132.0,70.0,382.0,65.0,10.0,52.0,47.0,98.0,159.0,94.0,152.0,592.0,60.0,112.0,16.0,34.0,160.0,88.0,447.0
2024-01-27,63.0,133.0,161.0,43.0,367.0,42.0,14.2,70.0,12.0,98.0,189.0,94.0,124.0,578.0,28.0,97.0,17.0,34.0,140.0,90.0,409.0
2024-01-28,63.0,167.0,104.0,63.0,384.0,61.0,4.5,49.0,76.0,98.0,142.0,95.0,168.0,606.0,71.0,105.0,14.0,34.0,122.0,87.0,445.0
2024-01-29,68.0,185.0,98.0,55.0,397.0,45.0,11.5,51.0,58.0,99.0,123.0,98.0,73.0,583.0,57.0,111.0,16.0,34.0,114.0,90.0,442.0
2024-01-30,69.0,228.0,102.0,59.0,399.0,63.0,9.9,48.0,86.0,97.0,154.0,107.0,89.0,580.0,74.0,93.0,16.0,34.0,64.0,86.0,462.0
2024-01-31,67.0,188.0,104.0,67.0,399.0,87.0,6.4,47.0,82.0,99.0,142.0,102.0,168.0,597.0,72.0,116.0,16.0,32.0,109.0,83.0,486.0
2024-02-01,68.0,183.0,96.0,78.0,388.0,69.0,7.9,54.0,37.0,99.0,137.0,96.0,168.0,573.0,48.0,99.0,17.0,34.0,109.0,84.0,457.0
2024-02-02,62.0,174.0,104.0,78.0,372.0,67.0,9.8,55.0,70.0,97.0,142.0,91.0,168.0,595.0,68.0,118.0,17.0,33.0,107.0,85.0,439.0
2024-02-03,58.0,183.0,104.0,65.0,340.0,38.0,8.0,57.0,28.0,96.0,142.0,88.0,168.0,592.0,42.0,111.0,16.0,33.0,69.0,92.0,378.0
2024-02-04,78.0,264.0,83.0,77.0,472.0,55.0,8.7,52.0,58.0,96.0,129.0,102.0,90.0,602.0,60.0,125.0,16.0,32.0,106.0,89.0,527.0
2024-02-05,66.0,164.0,115.0,82.0,371.0,55.0,12.5,50.0,81.0,98.0,140.0,98.0,115.0,562.0,68.0,83.0,16.0,33.0,109.0,87.0,426.0
2024-02-06,77.0,164.0,95.0,80.0,451.0,65.0,7.2,51.0,78.0,99.0,128.0,126.0,89.0,586.0,69.0,95.0,16.0,32.0,161.0,87.0,516.0
2024-02-07,65.0,218.0,113.0,86.0,366.0,25.0,11.7,50.0,57.0,98.0,148.0,57.0,84.0,562.0,60.0,87.0,16.0,33.0,91.0,94.0,391.0
2024-02-08,68.0,236.0,104.0,79.0,397.0,35.0,5.9,52.0,44.0,95.0,142.0,65.0,168.0,585.0,51.0,97.0,15.0,32.0,96.0,94.0,432.0
2024-02-09,66.0,136.0,126.0,83.0,395.0,67.0,10.0,56.0,69.0,99.0,164.0,115.0,123.0,594.0,66.0,120.0,16.0,33.0,144.0,85.0,462.0
2024-02-10,82.0,200.0,84.0,86.0,434.0,30.0,13.0,64.0,77.0,97.0,179.0,85.0,1924.0,532.0,95.0,0.0,17.0,34.0,149.0,94.0,464.0
2024-02-13,82.0,200.0,84.0,86.0,434.0,30.0,13.0,64.0,77.0,97.0,179.0,85.0,1924.0,532.0,95.0,0.0,17.0,34.0,149.0,94.0,464.0
2024-02-14,82.0,200.0,75.0,86.0,434.0,30.0,12.0,64.0,77.0,97.0,175.0,85.0,3146.0,532.0,95.0,0.0,17.0,34.0,149.0,94.0,464.0
2024-02-15,97.0,227.0,72.0,86.0,523.0,10.0,4.0,68.0,63.0,96.0,147.0,125.0,2770.0,541.0,76.0,48.0,17.0,34.0,171.0,98.0,533.0
2024-02-16,94.0,206.0,68.0,86.0,452.0,66.0,5.0,61.0,97.0,96.0,161.0,118.0,3244.0,482.0,108.0,11.0,17.0,33.0,128.0,87.0,518.0
2024-02-17,63.0,133.0,73.0,61.0,311.0,7.0,6.0,66.0,58.0,96.0,153.0,87.0,2467.0,492.0,79.0,19.0,17.0,34.0,91.0,97.0,318.0
2024-02-17,63.0,133.0,73.0,61.0,311.0,7.0,6.0,66.0,58.0,96.0,153.0,87.0,2467.0,492.0,79.0,19.0,17.0,34.0,91.0,97.0,318.0
2024-02-18,91.0,249.0,78.0,65.0,454.0,24.0,15.0,66.0,61.0,96.0,195.0,88.0,3697.0,498.0,74.0,90.0,16.0,33.0,117.0,94.0,478.0
2024-02-19,81.0,205.0,75.0,70.0,431.0,25.0,14.0,69.0,34.0,96.0,188.0,77.0,3348.0,533.0,59.0,27.0,16.0,33.0,149.0,94.0,456.0
2024-02-20,84.0,221.0,77.0,72.0,466.0,10.0,14.0,67.0,54.0,97.0,186.0,110.0,3583.0,555.0,71.0,50.0,17.0,33.0,135.0,97.0,476.0
2024-02-21,85.0,194.0,73.0,79.0,476.0,20.0,9.0,66.0,74.0,96.0,164.0,117.0,3087.0,559.0,85.0,56.0,16.0,34.0,165.0,96.0,496.0
2024-02-22,91.0,224.0,67.0,79.0,486.0,19.0,4.0,62.0,89.0,98.0,134.0,99.0,2650.0,531.0,96.0,52.0,16.0,33.0,163.0,96.0,505.0
2024-02-23,90.0,210.0,71.0,81.0,451.0,24.0,11.0,62.0,74.0,97.0,167.0,92.0,2664.0,500.0,85.0,29.0,16.0,33.0,149.0,95.0,475.0
2024-02-23,60.0,140.0,78.0,37.0,310.0,31.0,14.0,71.0,41.0,97.0,185.0,73.0,3599.0,514.0,72.0,31.0,17.0,34.0,97.0,90.0,341.0
2024-02-24,69.0,184.0,73.0,19.0,419.0,16.0,12.0,65.0,70.0,97.0,163.0,95.0,3785.0,605.0,84.0,102.0,17.0,34.0,140.0,96.0,438.0
2024-02-24,69.0,184.0,73.0,19.0,419.0,16.0,12.0,65.0,70.0,97.0,163.0,95.0,3785.0,605.0,84.0,102.0,17.0,34.0,140.0,96.0,438.0
2024-02-26,98.0,235.0,69.0,40.0,426.0,20.0,12.0,63.0,69.0,97.0,167.0,93.0,3027.0,434.0,86.0,93.0,16.0,33.0,98.0,95.0,446.0
2024-02-26,91.0,237.0,67.0,56.0,453.0,32.0,11.0,57.0,96.0,97.0,178.0,100.0,3979.0,496.0,117.0,5.0,16.0,33.0,116.0,93.0,485.0
2024-02-28,86.0,166.0,63.0,32.0,441.0,22.0,4.0,61.0,86.0,97.0,130.0,134.0,3033.0,514.0,102.0,27.0,17.0,33.0,141.0,95.0,463.0
2024-03-01,78.0,212.0,64.0,26.0,402.0,36.0,4.0,57.0,91.0,95.0,145.0,80.0,2105.0,518.0,108.0,47.0,17.0,34.0,110.0,91.0,438.0
2024-03-02,77.0,183.0,65.0,47.0,396.0,32.0,6.0,61.0,57.0,96.0,159.0,112.0,2883.0,514.0,91.0,43.0,17.0,33.0,101.0,92.0,428.0
2024-03-02,77.0,183.0,65.0,47.0,396.0,32.0,6.0,61.0,57.0,96.0,159.0,112.0,2883.0,514.0,91.0,43.0,17.0,33.0,101.0,92.0,428.0
2024-03-02,87.0,233.0,63.0,35.0,460.0,69.0,4.0,56.0,87.0,96.0,135.0,108.0,2698.0,528.0,104.0,57.0,16.0,34.0,119.0,86.0,529.0
2024-03-03,100.0,221.0,68.0,57.0,554.0,30.0,6.0,63.0,52.0,97.0,146.0,136.0,3039.0,456.0,85.0,59.0,17.0,33.0,197.0,95.0,584.0
2024-03-05,100.0,249.0,65.0,59.0,475.0,17.0,5.0,62.0,54.0,96.0,153.0,84.0,2552.0,472.0,85.0,0.0,17.0,33.0,142.0,96.0,492.0
2024-03-05,81.0,192.0,74.0,66.0,382.0,25.0,8.0,66.0,37.0,96.0,161.0,96.0,3325.0,472.0,71.0,0.0,17.0,34.0,94.0,93.0,407.0
2024-03-07,92.0,182.0,79.0,57.0,480.0,15.0,17.0,64.0,50.0,96.0,186.0,132.0,4439.0,520.0,78.0,45.0,18.0,33.0,166.0,97.0,495.0
2024-03-08,67.0,164.0,76.0,21.0,365.0,21.0,4.0,65.0,66.0,97.0,136.0,87.0,2080.0,548.0,87.0,25.0,17.0,34.0,114.0,94.0,386.0
2024-03-08,67.0,164.0,76.0,21.0,365.0,21.0,4.0,65.0,66.0,97.0,136.0,87.0,2080.0,548.0,87.0,25.0,17.0,34.0,114.0,94.0,386.0
2024-03-09,66.0,106.0,78.0,30.0,326.0,8.0,16.0,61.0,80.0,96.0,182.0,88.0,3128.0,497.0,97.0,91.0,16.0,34.0,132.0,98.0,334.0
2024-03-09,60.0,127.0,72.0,32.0,359.0,34.0,20.0,65.0,61.0,97.0,177.0,129.0,3922.0,599.0,88.0,85.0,17.0,33.0,103.0,91.0,393.0
2024-03-09,60.0,127.0,72.0,32.0,359.0,34.0,20.0,65.0,61.0,97.0,177.0,129.0,3922.0,599.0,88.0,85.0,17.0,33.0,103.0,91.0,393.0
2024-03-11,84.0,179.0,74.0,36.0,490.0,16.0,13.0,64.0,64.0,97.0,171.0,134.0,3313.0,582.0,86.0,120.0,16.0,34.0,177.0,96.0,506.0
2024-03-12,87.0,196.0,68.0,50.0,482.0,21.0,7.0,60.0,94.0,96.0,160.0,115.0,2970.0,551.0,105.0,58.0,16.0,34.0,171.0,96.0,503.0
2024-03-13,76.0,148.0,79.0,59.0,392.0,23.0,14.0,61.0,93.0,97.0,178.0,96.0,3660.0,519.0,109.0,44.0,17.0,34.0,148.0,94.0,415.0
2024-03-14,51.0,114.0,67.0,69.0,288.0,16.0,5.0,65.0,34.0,97.0,176.0,116.0,2749.0,567.0,76.0,63.0,16.0,34.0,58.0,95.0,304.0
2024-03-15,49.0,101.0,68.0,61.0,296.0,5.0,4.0,64.0,49.0,97.0,137.0,91.0,2566.0,599.0,93.0,127.0,17.0,33.0,104.0,98.0,301.0
2024-03-15,49.0,101.0,68.0,61.0,296.0,5.0,4.0,64.0,49.0,97.0,137.0,91.0,2566.0,599.0,93.0,127.0,17.0,33.0,104.0,98.0,301.0
2024-03-16,75.0,175.0,62.0,53.0,392.0,28.0,4.0,57.0,94.0,96.0,138.0,100.0,2460.0,527.0,116.0,127.0,17.0,34.0,117.0,94.0,420.0
2024-03-16,86.0,247.0,73.0,53.0,481.0,18.0,6.0,67.0,41.0,96.0,168.0,105.0,3223.0,557.0,74.0,86.0,17.0,34.0,129.0,96.0,499.0
2024-03-18,85.0,233.0,75.0,55.0,445.0,24.0,7.0,68.0,49.0,96.0,156.0,99.0,2938.0,522.0,80.0,48.0,17.0,33.0,113.0,95.0,469.0
2024-03-19,70.0,122.0,72.0,64.0,367.0,28.0,4.0,64.0,61.0,96.0,134.0,121.0,2316.0,523.0,89.0,49.0,17.0,34.0,124.0,93.0,395.0
2024-03-20,69.0,161.0,81.0,69.0,377.0,21.0,9.0,71.0,22.0,96.0,171.0,107.0,3256.0,548.0,57.0,78.0,18.0,34.0,109.0,94.0,398.0
2024-03-21,82.0,202.0,88.0,70.0,461.0,26.0,15.0,70.0,50.0,96.0,174.0,100.0,4176.0,565.0,77.0,85.0,18.0,34.0,159.0,94.0,487.0
2024-03-22,67.0,183.0,81.0,72.0,388.0,11.0,7.0,73.0,28.0,97.0,150.0,78.0,2728.0,575.0,56.0,66.0,17.0,34.0,127.0,97.0,399.0
2024-03-23,58.0,135.0,75.0,80.0,327.0,17.0,4.0,67.0,42.0,97.0,150.0,102.0,2148.0,568.0,68.0,93.0,17.0,33.0,90.0,95.0,344.0
2024-03-23,28.0,74.0,77.0,47.0,163.0,227.0,7.0,64.0,14.0,97.0,153.0,35.0,2804.0,591.0,72.0,120.0,17.0,32.0,54.0,66.0,390.0
2024-03-24,66.0,243.0,70.0,37.0,398.0,42.0,6.0,75.0,44.0,97.0,145.0,68.0,2418.0,601.0,70.0,127.0,18.0,35.0,87.0,90.0,440.0
2024-03-25,68.0,170.0,64.0,24.23,459.0,5.0,6.0,73.0,54.0,96.0,138.0,108.0,2032.0,482.0,100.0,33.0,16.0,33.0,114.0,91.0,342.0
2024-03-26,86.0,249.0,80.0,64.22,383.0,5.0,7.0,60.0,32.0,96.0,160.0,96.0,1933.0,605.0,97.0,85.0,16.0,34.0,174.0,91.0,402.0
2024-03-27,93.0,181.0,72.0,21.12,362.0,75.0,10.0,67.0,57.0,97.0,184.0,126.0,3691.0,440.0,102.0,97.0,17.0,33.0,93.0,98.0,339.0
2024-03-28,46.0,244.0,62.0,50.1,442.0,26.0,10.0,58.0,53.0,96.0,174.0,127.0,2572.0,469.0,117.0,17.0,17.0,33.0,98.0,94.0,426.0
2024-03-29,82.0,220.0,70.0,77.36,482.0,5.0,17.0,63.0,61.0,96.0,150.0,93.0,3546.0,529.0,77.0,77.0,17.0,33.0,150.0,94.0,457.0
2024-03-30,56.0,128.0,75.0,40.93,320.0,109.0,4.0,61.0,77.0,97.0,175.0,107.0,3016.0,605.0,69.0,127.0,18.0,33.0,108.0,89.0,406.0
2024-03-31,76.0,249.0,72.0,76.76,200.0,42.0,12.0,59.0,62.0,96.0,142.0,87.0,3645.0,583.0,94.0,42.0,17.0,34.0,105.0,97.0,445.0
2024-04-01,100.0,194.0,66.0,27.83,400.0,30.0,4.0,67.0,74.0,97.0,183.0,80.0,2258.0,538.0,98.0,64.0,17.0,33.0,155.0,93.0,468.0
2024-04-02,77.0,166.0,65.0,86.0,447.0,17.0,13.0,61.0,33.0,95.0,139.0,95.0,2759.0,540.0,78.0,51.0,17.0,34.0,135.0,90.0,537.0
2024-04-03,92.0,171.0,70.0,54.32,360.0,6.0,15.0,67.0,27.0,96.0,130.0,91.0,3455.0,570.0,56.0,93.0,16.0,34.0,101.0,95.0,447.0
2024-04-04,82.0,144.0,72.0,58.12,372.0,5.0,5.0,61.0,61.0,96.0,195.0,81.0,2027.0,522.0,100.0,64.0,17.0,34.0,153.0,92.0,333.0
2024-04-05,61.0,212.0,74.0,85.94,321.0,92.0,4.0,58.0,37.0,95.0,155.0,51.0,2509.0,586.0,81.0,89.0,17.0,34.0,91.0,98.0,454.0
2024-04-06,93.0,166.0,77.0,61.19,409.0,19.0,9.0,57.0,56.0,97.0,154.0,47.0,3153.0,543.0,69.0,8.0,16.0,34.0,108.0,98.0,441.0
2024-04-07,52.0,163.0,75.0,41.01,407.0,110.0,7.0,56.0,72.0,97.0,170.0,80.0,3150.0,512.0,97.0,71.0,17.0,33.0,147.0,98.0,465.0
2024-04-08,45.0,158.0,68.0,51.06,371.0,46.0,4.0,67.0,56.0,96.0,165.0,74.0,3007.0,485.0,63.0,32.0,16.0,33.0,77.0,96.0,584.0
2024-04-09,76.0,201.0,71.0,35.74,481.0,5.0,9.0,65.0,53.0,96.0,157.0,115.0,3613.0,479.0,100.0,44.0,16.0,34.0,98.0,95.0,537.0
2024-04-10,61.0,171.0,67.0,86.0,351.0,26.0,11.0,67.0,31.0,96.0,174.0,87.0,2947.0,590.0,66.0,30.0,16.0,34.0,137.0,90.0,350.0
2024-04-11,73.0,188.0,68.0,64.43,361.0,33.0,4.0,56.0,41.0,97.0,167.0,122.0,3886.0,601.0,91.0,38.0,17.0,33.0,99.0,91.0,541.0
2024-04-12,72.0,132.0,74.0,37.97,381.0,5.0,14.0,68.0,37.0,97.0,167.0,62.0,4439.0,553.0,68.0,76.0,16.0,33.0,114.0,98.0,415.0
2024-04-13,97.0,120.0,62.0,19.0,442.0,5.0,12.0,67.0,55.0,96.0,141.0,75.0,3612.0,527.0,90.0,127.0,17.0,33.0,111.0,90.0,470.0
2024-04-14,70.0,241.0,71.0,19.0,455.0,52.0,12.0,66.0,72.0,96.0,150.0,119.0,2324.0,480.0,82.0,45.0,17.0,34.0,121.0,98.0,451.0
2024-04-15,53.0,223.0,79.0,37.03,524.0,56.0,4.0,63.0,86.0,97.0,166.0,97.0,2186.0,605.0,69.0,60.0,17.0,33.0,162.0,98.0,331.0
2024-04-16,74.0,194.0,68.0,39.06,391.0,30.0,5.0,66.0,57.0,98.0,131.0,95.0,3382.0,600.0,78.0,99.0,17.0,33.0,83.0,98.0,569.0
2024-04-17,74.0,167.0,70.0,60.21,423.0,5.0,4.0,63.0,53.0,97.0,169.0,106.0,3528.0,479.0,83.0,7.0,16.0,34.0,103.0,89.0,366.0
2024-04-18,75.0,203.0,62.0,37.62,474.0,12.0,4.0,57.0,31.0,96.0,147.0,102.0,3055.0,580.0,91.0,112.0,17.0,34.0,126.0,91.0,451.0
2024-04-19,96.0,172.0,75.0,38.71,545.0,5.0,8.0,61.0,39.0,97.0,159.0,109.0,3655.0,605.0,96.0,94.0,17.0,34.0,143.0,94.0,380.0
2024-04-20,88.0,213.0,80.0,51.12,264.0,40.0,10.0,65.0,50.0,97.0,147.0,121.0,3753.0,558.0,74.0,0.0,17.0,34.0,99.0,95.0,490.0
2024-04-21,65.0,142.0,75.0,56.38,454.0,35.0,9.0,62.0,46.0,97.0,192.0,94.0,3620.0,599.0,96.0,93.0,16.0,34.0,120.0,85.0,389.0
2024-04-22,64.0,183.0,68.0,19.0,439.0,18.0,12.0,63.0,73.0,97.0,161.0,59.0,3231.0,564.0,84.0,56.0,16.0,34.0,138.0,86.0,418.0
2024-04-23,72.0,227.0,71.0,40.35,380.0,20.0,7.0,68.0,70.0,97.0,130.0,97.0,2821.0,525.0,77.0,34.0,17.0,34.0,91.0,98.0,503.0
2024-04-24,94.0,163.0,75.0,41.65,352.0,66.0,9.0,68.0,22.0,96.0,184.0,109.0,3485.0,556.0,98.0,63.0,18.0,33.0,133.0,98.0,430.0
2024-04-25,93.0,192.0,62.0,38.57,325.0,28.0,10.0,59.0,69.0,96.0,174.0,75.0,2921.0,521.0,82.0,58.0,17.0,33.0,83.0,97.0,301.0
2024-04-26,42.0,210.0,76.0,52.08,357.0,38.0,4.0,64.0,24.0,96.0,130.0,92.0,2997.0,534.0,117.0,22.0,18.0,33.0,146.0,90.0,444.0
2024-04-27,62.0,230.0,79.0,86.0,368.0,33.0,11.0,61.0,51.0,96.0,157.0,115.0,3075.0,446.0,72.0,73.0,17.0,34.0,116.0,96.0,416.0
2024-04-28,88.0,199.0,64.0,37.7,330.0,39.0,12.0,65.0,49.0,96.0,173.0,123.0,2602.0,506.0,81.0,102.0,17.0,33.0,78.0,98.0,491.0
2024-04-29,72.0,143.0,75.0,41.86,407.0,5.0,6.0,67.0,30.0,97.0,183.0,100.0,3311.0,593.0,76.0,60.0,18.0,34.0,102.0,91.0,579.0
2024-04-30,73.0,154.0,74.0,49.59,410.0,88.0,13.0,59.0,47.0,97.0,173.0,102.0,1924.0,532.0,71.0,61.0,16.0,34.0,197.0,98.0,413.0
2024-05-01,61.0,223.0,69.0,59.25,369.0,5.0,9.0,62.0,72.0,97.0,138.0,106.0,3603.0,579.0,78.0,83.0,17.0,34.0,97.0,94.0,473.0
2024-05-02,76.0,132.0,69.0,29.12,374.0,72.0,9.0,64.0,65.0,96.0,163.0,86.0,2928.0,502.0,85.0,66.0,17.0,34.0,120.0,96.0,422.0
2024-05-03,86.0,244.0,79.0,52.35,274.0,5.0,9.0,63.0,59.0,97.0,159.0,136.0,3261.0,602.0,67.0,27.0,17.0,33.0,130.0,98.0,387.0
2024-05-04,95.0,155.0,68.0,52.92,410.0,9.0,4.0,67.0,53.0,96.0,164.0,90.0,2505.0,576.0,99.0,125.0,17.0,33.0,91.0,85.0,500.0
2024-05-05,59.0,249.0,70.0,43.53,369.0,117.0,8.0,65.0,36.0,97.0,165.0,125.0,2646.0,558.0,98.0,87.0,17.0,34.0,121.0,96.0,341.0
2024-05-06,98.0,211.0,74.0,19.31,280.0,45.0,4.0,68.0,21.0,96.0,142.0,87.0,3788.0,514.0,102.0,73.0,16.0,34.0,159.0,90.0,553.0
2024-05-07,74.0,183.0,74.0,42.57,337.0,82.0,11.0,65.0,62.0,96.0,138.0,85.0,2671.0,581.0,103.0,66.0,16.0,34.0,126.0,93.0,431.0
2024-05-08,66.0,178.0,73.0,61.13,397.0,46.0,12.0,66.0,97.0,97.0,141.0,122.0,3510.0,467.0,116.0,59.0,17.0,34.0,133.0,90.0,547.0
2024-05-09,92.0,229.0,70.0,42.69,246.0,5.0,14.0,68.0,90.0,97.0,163.0,107.0,3700.0,539.0,78.0,72.0,17.0,34.0,138.0,91.0,440.0
2024-05-10,78.0,116.0,71.0,34.5,411.0,5.0,12.0,65.0,55.0,96.0,160.0,84.0,3906.0,580.0,93.0,20.0,17.0,34.0,145.0,92.0,394.0
2024-05-11,77.0,212.0,77.0,39.29,294.0,47.0,15.0,67.0,65.0,96.0,160.0,90.0,3109.0,605.0,79.0,45.0,16.0,34.0,164.0,89.0,412.0
2024-05-12,62.0,124.0,76.0,60.46,388.0,5.0,4.0,59.0,26.0,97.0,139.0,116.0,2972.0,501.0,99.0,9.0,17.0,34.0,126.0,92.0,448.0
2024-05-13,47.0,127.0,63.0,54.15,426.0,48.0,11.0,57.0,50.0,96.0,144.0,67.0,1924.0,542.0,95.0,50.0,18.0,34.0,125.0,96.0,436.0
2024-05-14,93.0,178.0,82.0,55.49,305.0,5.0,17.0,69.0,62.0,96.0,170.0,90.0,4081.0,600.0,62.0,18.0,16.0,33.0,154.0,89.0,376.0
2024-05-15,74.0,125.0,67.0,45.74,365.0,63.0,14.0,63.0,63.0,97.0,184.0,102.0,3062.0,557.0,112.0,0.0,17.0,34.0,123.0,90.0,442.0
2024-05-16,92.0,219.0,67.0,19.0,373.0,5.0,12.0,64.0,41.0,96.0,174.0,100.0,2546.0,536.0,97.0,120.0,16.0,33.0,108.0,95.0,549.0
2024-05-17,58.0,166.0,77.0,71.08,470.0,33.0,9.0,68.0,88.0,95.0,152.0,106.0,2777.0,524.0,96.0,39.0,18.0,34.0,140.0,87.0,474.0
2024-05-18,61.0,227.0,68.0,49.32,460.0,14.0,4.0,63.0,75.0,97.0,164.0,86.0,3335.0,519.0,90.0,65.0,17.0,34.0,95.0,95.0,367.0
2024-05-19,68.0,172.0,75.0,63.7,331.0,44.0,13.0,60.0,49.0,96.0,151.0,121.0,3397.0,564.0,69.0,121.0,16.0,34.0,145.0,87.0,324.0
2024-05-20,71.0,176.0,75.0,57.82,474.0,5.0,4.0,65.0,41.0,96.0,165.0,102.0,2524.0,486.0,93.0,108.0,17.0,33.0,163.0,88.0,445.0
2024-05-21,82.0,129.0,66.0,34.32,417.0,55.0,15.0,69.0,27.0,97.0,195.0,107.0,3527.0,548.0,61.0,102.0,17.0,35.0,153.0,94.0,412.0
2024-05-22,76.0,240.0,79.0,54.71,260.0,5.0,12.0,72.0,65.0,96.0,137.0,109.0,2656.0,466.0,88.0,112.0,17.0,33.0,138.0,90.0,542.0
2024-05-23,66.0,230.0,65.0,25.48,351.0,25.0,5.0,65.0,89.0,97.0,162.0,115.0,3322.0,523.0,82.0,41.0,17.0,33.0,141.0,96.0,437.0
2024-05-24,88.0,225.0,82.0,41.36,392.0,5.0,13.0,64.0,16.0,97.0,143.0,77.0,2862.0,580.0,90.0,29.0,16.0,34.0,101.0,94.0,500.0
2024-05-25,80.0,135.0,86.0,58.59,403.0,55.0,11.0,68.0,76.0,98.0,173.0,76.0,3619.0,484.0,99.0,67.0,16.0,34.0,92.0,94.0,301.0
2024-05-26,88.0,195.0,84.0,57.53,299.0,7.0,4.0,56.0,64.0,97.0,154.0,80.0,3475.0,562.0,84.0,98.0,16.0,33.0,99.0,92.0,374.0
2024-05-27,90.0,249.0,77.0,86.0,258.0,39.0,15.0,60.0,87.0,96.0,130.0,96.0,3648.0,605.0,83.0,0.0,16.0,33.0,173.0,94.0,440.0
2024-05-28,91.0,188.0,76.0,86.0,415.0,24.0,17.0,56.0,74.0,96.0,138.0,134.0,3359.0,549.0,80.0,87.0,16.0,34.0,121.0,88.0,388.0
2024-05-29,70.0,207.0,71.0,50.08,372.0,74.0,8.0,61.0,74.0,97.0,153.0,123.0,2841.0,517.0,98.0,84.0,16.0,33.0,124.0,93.0,473.0
